Workbook

Sheet Master + Ranking
C1: Code | D1: Continent | E1: Confederation | F1: Ranking | G1: Points | H1: Pot | I1: GDP (USD) | J1: GDP per capita (USD) | K1: False spectator index | L1: Spectator Index | M1: Distance adjusted spectator index | N1: Qatar 2022 fan attendance | O1: Adjusted fan attendance | P1: Population size | Q1: Geographic distance to Host : | R1: Distance to USA (km) | S1: Distance to Canada (km) | T1: Distance to Mexico (km) | U1: Nearest host distance | V1: Distance weights | W1: Confederation | X1: Average attendance | Y1: Median attendance
A2: 1 | B2: Austria | C2: AUT | D2: Europe | E2: UEFA | F2: 24 | G2: 1585.51 | H2: Pot 2 | I2: 604198000000 | J2: 65640 | K2: =MIN(1, O2/$G$65) -> 1 | L2: =IF(OR(B2="United States",B2="Canada",B2="Mexico"),1,MIN(1,O2/$G$60)) -> 0.88965778 | M2: =L2*V2 -> 0.36238606 | N2: 0 | O2: =IF(N2>0,N2,VLOOKUP(V2,$V$2:$Y$6,4,FALSE)) -> 6133.52 | P2: 9.19,107,266 | R2: 8365 | S2: 7275 | T2: 9938 | U2: =MIN(R2,T2,S2) -> 7275 | V2: =1/(1+U2/5000) -> 0.40733198 | W2: UEFA | X2: =AVERAGEIFS($N$2:$N$45,$E$2:$E$45,"UEFA",$N$2:$N$45,">0") -> 5984.7644 | Y2: =IFERROR(__xludf.DUMMYFUNCTION("MEDIAN(FILTER(N:N, E:E=""UEFA"", N:N>0))"),6133.52) -> 6133.52
A3: 2 | B3: Belgium | C3: BEL | D3: Europe | E3: UEFA | F3: 9 | G3: 1730.71 | H3: Pot 1 | I3: 761174000000 | J3: 63896 | K3: =MIN(1, O3/$G$65) -> 1 | L3: =IF(OR(B3="United States",B3="Canada",B3="Mexico"),1,MIN(1,O3/$G$60)) -> 0.74354174 | M3: =L3*V3 -> 0.3209348 | N3: 5126.16 | O3: =IF(N3=0,XLOOKUP(E3,$W$2:$W$7,$X$2:$X$7),N3) -> 5126.16 | P3: 11774642 | R3: 7573 | S3: 6584 | T3: 9137 | U3: =MIN(R3,T3,S3) -> 6584 | V3: =1/(1+U3/5000) -> 0.43162983 | W3: AFC | X3: =AVERAGEIFS($N$2:$N$45,$E$2:$E$45,"AFC",$N$2:$N$45,">0") -> 6027.7067 | Y3: =IFERROR(__xludf.DUMMYFUNCTION("MEDIAN(FILTER(N:N, E:E=""AFC"", N:N>0))"),5173.620000000001) -> 5173.62
A4: 3 | B4: Croatia | C4: HRV | D4: Europe | E4: UEFA | F4: 11 | G4: 1716.88 | H4: Pot 2 | I4: 113132000000 | J4: 29368 | K4: =MIN(1, O4/$G$65) -> 1 | L4: =IF(OR(B4="United States",B4="Canada",B4="Mexico"),1,MIN(1,O4/$G$60)) -> 0.85732357 | M4: =L4*V4 -> 0.34208107 | N4: 5910.6 | O4: =IF(N4=0,XLOOKUP(E4,$W$2:$W$7,$X$2:$X$7),N4) -> 5910.6 | P4: 3822345 | R4: 8575 | S4: 7531 | T4: 10135 | U4: =MIN(R4,T4,S4) -> 7531 | V4: =1/(1+U4/5000) -> 0.39901045 | W4: CAF | X4: =AVERAGEIFS($N$2:$N$45,$E$2:$E$45,"CAF",$N$2:$N$45,">0") -> 5327.97 | Y4: =IFERROR(__xludf.DUMMYFUNCTION("MEDIAN(FILTER(N:N, E:E=""CAF"", N:N>0))"),5169.26) -> 5169.26
A5: 4 | B5: England | C5: ENG | D5: Europe | E5: UEFA | F5: 4 | G5: 1834.12 | H5: Pot 1 | I5: 4225639000000 | J5: 60011 | K5: =MIN(1, O5/$G$65) -> 1 | L5: =IF(OR(B5="United States",B5="Canada",B5="Mexico"),1,MIN(1,O5/$G$60)) -> 0.9172518 | M5: =L5*V5 -> 0.42359463 | N5: 6323.76 | O5: =IF(N5=0,XLOOKUP(E5,$W$2:$W$7,$X$2:$X$7),N5) -> 6323.76 | P5: 56536000 | R5: 6848 | S5: 5827 | T5: 8429 | U5: =MIN(R5,T5,S5) -> 5827 | V5: =1/(1+U5/5000) -> 0.46180844 | W5: CONMEBOL | X5: =AVERAGEIFS($N$2:$N$45,$E$2:$E$45,"CONMEBOL",$N$2:$N$45,">0") -> 7693.53 | Y5: =IFERROR(__xludf.DUMMYFUNCTION("MEDIAN(FILTER(N:N, E:E=""CONMEBOL"", N:N>0))"),7830.24) -> 7830.24
A6: 5 | B6: France | C6: FRA | D6: Europe | E6: UEFA | F6: 3 | G6: 1870 | H6: Pot 1 | I6: 3558562000000 | J6: 51708 | K6: =MIN(1, O6/$G$65) -> 1 | L6: =IF(OR(B6="United States",B6="Canada",B6="Mexico"),1,MIN(1,O6/$G$60)) -> 0.7389466 | M6: =L6*V6 -> 0.3114764 | N6: 5094.48 | O6: =IF(N6=0,XLOOKUP(E6,$W$2:$W$7,$X$2:$X$7),N6) -> 5094.48 | P6: 66746401 | R6: 7685 | S6: 6862 | T6: 9207 | U6: =MIN(R6,T6,S6) -> 6862 | V6: =1/(1+U6/5000) -> 0.42151408 | W6: CONCACAF | X6: =AVERAGEIFS($N$2:$N$45,$E$2:$E$45,"CONCACAF",$N$2:$N$45,">0") -> 6824.56 | Y6: =IFERROR(__xludf.DUMMYFUNCTION("MEDIAN(FILTER(N:N, E:E=""CONCACAF"", N:N>0))"),6160.32) -> 6160.32
A7: 6 | B7: Germany | C7: GER | D7: Europe | E7: UEFA | F7: 10 | G7: 1724.15 | H7: Pot 1 | I7: 5328184000000 | J7: 63600 | K7: =MIN(1, O7/$G$65) -> 1 | L7: =IF(OR(B7="United States",B7="Canada",B7="Mexico"),1,MIN(1,O7/$G$60)) -> 1 | M7: =L7*V7 -> 0.42470059 | N7: 7142.28 | O7: =IF(N7=0,XLOOKUP(E7,$W$2:$W$7,$X$2:$X$7),N7) -> 7142.28 | P7: 83644258 | R7: 7882 | S7: 6773 | T7: 9465 | U7: =MIN(R7,T7,S7) -> 6773 | V7: =1/(1+U7/5000) -> 0.42470059 | W7: OFC | X7: =AVERAGEIF($N$2:$N$45,">0") -> 6230.5696 | Y7: =AVERAGEIF($N$2:$N$45,">0") -> 6230.5696
A8: 7 | B8: Netherlands | C8: NED | D8: Europe | E8: UEFA | F8: 7 | G8: 1756.27 | H8: Pot 1 | I8: 1413076000000 | J8: 77881 | K8: =MIN(1, O8/$G$65) -> 1 | L8: =IF(OR(B8="United States",B8="Canada",B8="Mexico"),1,MIN(1,O8/$G$60)) -> 0.88965778 | M8: =L8*V8 -> 0.38765045 | N8: 6133.52 | O8: =IF(N8=0,XLOOKUP(E8,$W$2:$W$7,$X$2:$X$7),N8) -> 6133.52 | P8: 18448775 | R8: 7525 | S8: 6475 | T8: 9102 | U8: =MIN(R8,T8,S8) -> 6475 | V8: =1/(1+U8/5000) -> 0.43572985
A9: 8 | B9: Norway | C9: NOR | D9: Europe | E9: UEFA | F9: 32 | G9: 1533.14 | H9: Pot 3 | I9: 547693000000 | J9: 96580 | K9: =MIN(1, O9/$G$65) -> 1 | L9: =IF(OR(B9="United States",B9="Canada",B9="Mexico"),1,MIN(1,O9/$G$60)) -> 0.86808101 | M9: =L9*V9 -> 0.39926456 | N9: 0 | O9: =IF(N9=0,XLOOKUP(E9,$W$2:$W$7,$X$2:$X$7),N9) -> 5984.7644 | P9: 5652989 | R9: 7205 | S9: 5871 | T9: 8825 | U9: =MIN(R9,T9,S9) -> 5871 | V9: =1/(1+U9/5000) -> 0.45993929
A10: 9 | B10: Portugal | C10: POR | D10: Europe | E10: UEFA | F10: 6 | G10: 1760.38 | H10: Pot 1 | I10: 364527000000 | J10: 33972 | K10: =MIN(1, O10/$G$65) -> 1 | L10: =IF(OR(B10="United States",B10="Canada",B10="Mexico"),1,MIN(1,O10/$G$60)) -> 1 | M10: =L10*V10 -> 0.4189008 | N10: 7017.08 | O10: =IF(N10=0,XLOOKUP(E10,$W$2:$W$7,$X$2:$X$7),N10) -> 7017.08 | P10: 10395362 | R10: 7335 | S10: 6936 | T10: 8734 | U10: =MIN(R10,T10,S10) -> 6936 | V10: =1/(1+U10/5000) -> 0.4189008
A11: 10 | B11: Scotland | C11: SCO | D11: Europe | E11: UEFA | F11: 38 | G11: 1506.77 | H11: Pot 3 | I11: 4225639000000 | J11: 60011 | K11: =MIN(1, O11/$G$65) -> 1 | L11: =IF(OR(B11="United States",B11="Canada",B11="Mexico"),1,MIN(1,O11/$G$60)) -> 0.86808101 | M11: =L11*V11 -> 0.40088714 | N11: 0 | O11: =IF(N11=0,XLOOKUP(E11,$W$2:$W$7,$X$2:$X$7),N11) -> 5984.7644 | P11: 5480000 | R11: 6848 | S11: 5827 | T11: 8429 | U11: =MIN(R11,T11,S11) -> 5827 | V11: =1/(1+U11/5000) -> 0.46180844
A12: 11 | B12: Spain | C12: ESP | E12: UEFA | F12: 1 | G12: 1877.18 | H12: Pot 1 | I12: 2041830000000 | J12: 40582 | K12: =MIN(1, O12/$G$65) -> 1 | L12: =IF(OR(B12="United States",B12="Canada",B12="Mexico"),1,MIN(1,O12/$G$60)) -> 0.8921004 | M12: =L12*V12 -> 0.36906354 | N12: 6150.36 | O12: =IF(N12=0,XLOOKUP(E12,$W$2:$W$7,$X$2:$X$7),N12) -> 6150.36 | P12: 47850793 | R12: 7613 | S12: 7086 | T12: 9048 | U12: =MIN(R12,T12,S12) -> 7086 | V12: =1/(1+U12/5000) -> 0.4137018
A13: 12 | B13: Switzerland | C13: SUI | D13: Europe | E13: UEFA | F13: 18 | G13: 1654.69 | H13: Pot 2 | I13: 1074588000000 | J13: 118173 | K13: =MIN(1, O13/$G$65) -> 1 | L13: =IF(OR(B13="United States",B13="Canada",B13="Mexico"),1,MIN(1,O13/$G$60)) -> 0.72011351 | M13: =L13*V13 -> 0.29810958 | N13: 4964.64 | O13: =IF(N13=0,XLOOKUP(E13,$W$2:$W$7,$X$2:$X$7),N13) -> 4964.64 | P13: 9007798 | R13: 8031 | S13: 7078 | T13: 9579 | U13: =MIN(R13,T13,S13) -> 7078 | V13: =1/(1+U13/5000) -> 0.41397582
A14: 13 | B14: UEFA Playoff A Winner | D14: Europe | E14: UEFA | H14: Pot 4 | I14: — | J14: — | K14: =MIN(1, O14/$G$65) -> 1 | L14: =IF(OR(B14="United States",B14="Canada",B14="Mexico"),1,MIN(1,O14/$G$60)) -> 0.73786886 | M14: =L14*V14 -> 0.30744536 | N14: 0 | O14: =IF(N14>0,N2,0.85*X$2) -> 5087.0498 | R14: 7000 | S14: 7000 | T14: 7000 | U14: =MIN(R14,T14,S14) -> 7000 | V14: =1/(1+U14/5000) -> 0.41666667
A15: 14 | B15: UEFA Playoff B Winner | D15: Europe | E15: UEFA | H15: Pot 4 | I15: — | J15: — | K15: =MIN(1, O15/$G$65) -> 1 | L15: =IF(OR(B15="United States",B15="Canada",B15="Mexico"),1,MIN(1,O15/$G$60)) -> 0.73786886 | M15: =L15*V15 -> 0.30744536 | N15: 0 | O15: =IF(N15>0,N3,0.85*X$2) -> 5087.0498 | R15: 7000 | S15: 7000 | T15: 7000 | U15: =MIN(R15,T15,S15) -> 7000 | V15: =1/(1+U15/5000) -> 0.41666667
A16: 15 | B16: UEFA Playoff C Winner | D16: Europe | E16: UEFA | H16: Pot 4 | I16: — | J16: — | K16: =MIN(1, O16/$G$65) -> 1 | L16: =IF(OR(B16="United States",B16="Canada",B16="Mexico"),1,MIN(1,O16/$G$60)) -> 0.73786886 | M16: =L16*V16 -> 0.30744536 | N16: 0 | O16: =IF(N16>0,N4,0.85*X$2) -> 5087.0498 | R16: 7000 | S16: 7000 | T16: 7000 | U16: =MIN(R16,T16,S16) -> 7000 | V16: =1/(1+U16/5000) -> 0.41666667
A17: 16 | B17: UEFA Playoff D Winner | D17: Europe | E17: UEFA | H17: Pot 4 | I17: — | J17: — | K17: =MIN(1, O17/$G$65) -> 1 | L17: =IF(OR(B17="United States",B17="Canada",B17="Mexico"),1,MIN(1,O17/$G$60)) -> 0.73786886 | M17: =L17*V17 -> 0.30744536 | N17: 0 | O17: =IF(N17>0,N5,0.85*X$2) -> 5087.0498 | R17: 7000 | S17: 7000 | T17: 7000 | U17: =MIN(R17,T17,S17) -> 7000 | V17: =1/(1+U17/5000) -> 0.41666667
A18: 17 | B18: Australia | D18: Oceania | E18: AFC | F18: 27 | G18: 1574.01 | H18: Pot 2 | I18: 1948227000000 | J18: 69358 | K18: =MIN(1, O18/$G$65) -> 1 | L18: =IF(OR(B18="United States",B18="Canada",B18="Mexico"),1,MIN(1,O18/$G$60)) -> 0.71903435 | M18: =L18*V18 -> 0.18779627 | N18: 4957.2 | O18: =IF(N18=0,XLOOKUP(E18,$W$2:$W$7,$X$2:$X$7),N18) -> 4957.2 | P18: 27227096 | R18: 15187 | S18: 14144 | T18: 14359 | U18: =MIN(R18,T18,S18) -> 14144 | V18: =1/(1+U18/5000) -> 0.26117844
A19: 18 | B19: Iran | C19: IRN | D19: Asia | E19: AFC | F19: 20 | G19: 1617.02 | H19: Pot 2 | I19: 375644000000 | J19: 4250 | K19: =MIN(1, O19/$G$65) -> 1 | L19: =IF(OR(B19="United States",B19="Canada",B19="Mexico"),1,MIN(1,O19/$G$60)) -> 0.74459769 | M19: =L19*V19 -> 0.24801735 | N19: 5133.44 | O19: =IF(N19=0,XLOOKUP(E19,$W$2:$W$7,$X$2:$X$7),N19) -> 5133.44 | P19: 93168497 | R19: 11681 | S19: 10011 | T19: 13310 | U19: =MIN(R19,T19,S19) -> 10011 | V19: =1/(1+U19/5000) -> 0.33308907
A20: 19 | B20: Japan | C20: JPN | D20: Asia | E20: AFC | F20: 19 | G20: 1650.12 | H20: Pot 2 | I20: 4463634000000 | J20: 36391 | K20: =MIN(1, O20/$G$65) -> 1 | L20: =IF(OR(B20="United States",B20="Canada",B20="Mexico"),1,MIN(1,O20/$G$60)) -> 0.74809046 | M20: =L20*V20 -> 0.28546534 | N20: 5157.52 | O20: =IF(N20=0,XLOOKUP(E20,$W$2:$W$7,$X$2:$X$7),N20) -> 5157.52 | P20: 122427731 | R20: 10173 | S20: 8103 | T20: 10817 | U20: =MIN(R20,T20,S20) -> 8103 | V20: =1/(1+U20/5000) -> 0.381592
A21: 20 | B21: Jordan | C21: JOR | D21: Asia | E21: AFC | F21: 64 | G21: 1388.93 | H21: Pot 4 | I21: 59288000000 | J21: 5149 | K21: =MIN(1, O21/$G$65) -> 1 | L21: =IF(OR(B21="United States",B21="Canada",B21="Mexico"),1,MIN(1,O21/$G$60)) -> 0.87430972 | M21: =L21*V21 -> 0.29607508 | N21: 0 | O21: =IF(N21=0,XLOOKUP(E21,$W$2:$W$7,$X$2:$X$7),N21) -> 6027.7067 | P21: 11589532 | R21: 11003 | S21: 9765 | T21: 12575 | U21: =MIN(R21,T21,S21) -> 9765 | V21: =1/(1+U21/5000) -> 0.33863867
A22: 21 | B22: Korea Republic | C22: KOR | D22: Asia | E22: AFC | F22: 22 | G22: 1599.45 | H22: Pot 2 | I22: 1936617000000 | J22: 37523 | K22: =MIN(1, O22/$G$65) -> 1 | L22: =IF(OR(B22="United States",B22="Canada",B22="Mexico"),1,MIN(1,O22/$G$60)) -> 0.75276102 | M22: =L22*V22 -> 0.27673003 | N22: 5189.72 | O22: =IF(N22=0,XLOOKUP(E22,$W$2:$W$7,$X$2:$X$7),N22) -> 5189.72 | P22: 51600388 | R22: 10766 | S22: 8601 | T22: 11563 | U22: =MIN(R22,T22,S22) -> 8601 | V22: =1/(1+U22/5000) -> 0.36762003
A23: 22 | B23: Qatar | C23: QAT | D23: Asia | E23: AFC | F23: 56 | G23: 1454.96 | H23: Pot 3 | I23: 239142000000 | J23: 76534 | K23: =MIN(1, O23/$G$65) -> 1 | L23: =IF(OR(B23="United States",B23="Canada",B23="Mexico"),1,MIN(1,O23/$G$60)) -> 1 | M23: =L23*V23 -> 0.31788416 | N23: 7038.12 | O23: =IF(N23=0,XLOOKUP(E23,$W$2:$W$7,$X$2:$X$7),N23) -> 7038.12 | P23: 3173559 | R23: 12277 | S23: 10729 | T23: 13895 | U23: =MIN(R23,T23,S23) -> 10729 | V23: =1/(1+U23/5000) -> 0.31788416
A24: 23 | B24: Saudi Arabia | C24: KSA | D24: Asia | E24: AFC | F24: 61 | G24: 1429.48 | H24: Pot 3 | I24: 1316250000000 | J24: 35839 | K24: =MIN(1, O24/$G$65) -> 1 | L24: =IF(OR(B24="United States",B24="Canada",B24="Mexico"),1,MIN(1,O24/$G$60)) -> 1 | M24: =L24*V24 -> 0.31770238 | N24: 8690.24 | O24: =IF(N24=0,XLOOKUP(E24,$W$2:$W$7,$X$2:$X$7),N24) -> 8690.24 | P24: 35165787 | R24: 12110 | S24: 10738 | T24: 13699 | U24: =MIN(R24,T24,S24) -> 10738 | V24: =1/(1+U24/5000) -> 0.31770238
A25: 24 | B25: Uzbekistan | C25: UZB | D25: Asia | E25: AFC | F25: 52 | G25: 1462.03 | H25: Pot 3 | I25: 159199000000 | J25: 4136 | K25: =MIN(1, O25/$G$65) -> 1 | L25: =IF(OR(B25="United States",B25="Canada",B25="Mexico"),1,MIN(1,O25/$G$60)) -> 0.87430972 | M25: =L25*V25 -> 0.30861621 | N25: 0 | O25: =IF(N25=0,XLOOKUP(E25,$W$2:$W$7,$X$2:$X$7),N25) -> 6027.7067 | P25: 37724223 | R25: 11088 | S25: 9165 | T25: 12686 | U25: =MIN(R25,T25,S25) -> 9165 | V25: =1/(1+U25/5000) -> 0.3529827
A26: 25 | B26: Algeria | C26: ALG | D26: Africa | E26: CAF | F26: 28 | G26: 1560.91 | H26: Pot 3 | I26: 284984000000 | J26: 5956 | K26: =MIN(1, O26/$G$65) -> 1 | L26: =IF(OR(B26="United States",B26="Canada",B26="Mexico"),1,MIN(1,O26/$G$60)) -> 0.77281397 | M26: =L26*V26 -> 0.28637589 | N26: 0 | O26: =IF(N26=0,XLOOKUP(E26,$W$2:$W$7,$X$2:$X$7),N26) -> 5327.97 | P26: 48028334 | R26: 8787 | S26: 8493 | T26: 10089 | U26: =MIN(R26,T26,S26) -> 8493 | V26: =1/(1+U26/5000) -> 0.37056251
A27: 26 | B27: Cape Verde | C27: CPV | D27: Africa | E27: CAF | F27: 67 | G27: 1370.49 | H27: Pot 4 | I27: 3138000000 | J27: 6069 | K27: =MIN(1, O27/$G$65) -> 1 | L27: =IF(OR(B27="United States",B27="Canada",B27="Mexico"),1,MIN(1,O27/$G$60)) -> 0.77281397 | M27: =L27*V27 -> 0.31069147 | N27: 0 | O27: =IF(N27=0,XLOOKUP(E27,$W$2:$W$7,$X$2:$X$7),N27) -> 5327.97 | P27: 529630 | R27: 7437 | S27: 8176 | T27: 8250 | U27: =MIN(R27,T27,S27) -> 7437 | V27: =1/(1+U27/5000) -> 0.40202621
A28: 27 | B28: Ivory Coast | C28: CIV | D28: Africa | E28: CAF | F28: 37 | G28: 1522.48 | H28: Pot 3 | I28: 111446000000 | J28: 3294 | K28: =MIN(1, O28/$G$65) -> 1 | L28: =IF(OR(B28="United States",B28="Canada",B28="Mexico"),1,MIN(1,O28/$G$60)) -> 0.77281397 | M28: =L28*V28 -> 0.26601059 | N28: 0 | O28: =IF(N28=0,XLOOKUP(E28,$W$2:$W$7,$X$2:$X$7),N28) -> 5327.97 | P28: 33494346 | R28: 9526 | S28: 9979 | T28: 10390 | U28: =MIN(R28,T28,S28) -> 9526 | V28: =1/(1+U28/5000) -> 0.34421038
A29: 28 | B29: Egypt | C29: EGY | D29: Africa | E29: CAF | F29: 31 | G29: 1556.71 | H29: Pot 3 | I29: 399508000000 | J29: 3579 | K29: =MIN(1, O29/$G$65) -> 1 | L29: =IF(OR(B29="United States",B29="Canada",B29="Mexico"),1,MIN(1,O29/$G$60)) -> 0.77281397 | M29: =L29*V29 -> 0.2582244 | N29: 0 | O29: =IF(N29=0,XLOOKUP(E29,$W$2:$W$7,$X$2:$X$7),N29) -> 5327.97 | P29: 120101175 | R29: 10997 | S29: 9964 | T29: 12513 | U29: =MIN(R29,T29,S29) -> 9964 | V29: =1/(1+U29/5000) -> 0.33413526
A30: 29 | B30: Ghana | C30: GHA | D30: Africa | E30: CAF | F30: 72 | G30: 1351.09 | H30: Pot 4 | I30: 113494000000 | J30: 3179 | K30: =MIN(1, O30/$G$65) -> 1 | L30: =IF(OR(B30="United States",B30="Canada",B30="Mexico"),1,MIN(1,O30/$G$60)) -> 0.75476269 | M30: =L30*V30 -> 0.25331007 | N30: 5203.52 | O30: =IF(N30=0,XLOOKUP(E30,$W$2:$W$7,$X$2:$X$7),N30) -> 5203.52 | P30: 35697557 | R30: 9898 | S30: 10213 | T30: 10825 | U30: =MIN(R30,T30,S30) -> 9898 | V30: =1/(1+U30/5000) -> 0.33561552
... A47: 46 | B47: New Zealand | C47: NZL | D47: Oceania | E47: OFC | F47: 85 | G47: 1279.25 | H47: Pot 4 | I47: 280553000000 | J47: 52181 | K47: =MIN(1, O47/$G$65) -> 1 | L47: =IF(OR(B47="United States",B47="Canada",B47="Mexico"),1,MIN(1,O47/$G$60)) -> 0.90373468 | M47: =L47*V47 -> 0.28061066 | N47: 0 | O47: =IF(N47=0,XLOOKUP(E47,$W$2:$W$7,$X$2:$X$7),N47) -> 6230.5696 | P47: 5287479 | R47: 12535 | S47: 13041 | T47: 11103 | U47: =MIN(R47,T47,S47) -> 11103 | V47: =1/(1+U47/5000) -> 0.31050115
A48: 47 | B48: Inter-Continental Playoff 1 Winner | D48: Various | E48: Inter-Continental | H48: Pot 4 | I48: — | J48: — | N48: 0 | U48: =MIN(R48,T48,S48) -> 0 | V48: =1/(1+U48/5000) -> 1
A49: 48 | B49: Inter-Continental Playoff 2 Winner | D49: Various | E49: Inter-Continental | H49: Pot 4 | I49: — | J49: — | N49: 0 | U49: =MIN(R49,T49,S49) -> 0 | V49: =1/(1+U49/5000) -> 1
G59: S_bar | H59: The average number of seats available to one nation per match, across all 2026 stadiums.
G60: =AVERAGE(Stadiums!K:K) -> 6894.2464
G64: D
G65: =(1/12)*SUMPRODUCT(1/Stadiums!K2:K17) -> 0.0001993071

Sheet 2022 world cup data
A1: Date | B1: Home | C1: Away | D1: Attendance | E1: Stadium | G1: Teams | H1: Summation of for the home side | I1: Average attendance fo the home side | J1: g= average attendance across 3 matches (0.12 data assumption)
A2: 44885 | B2: Qatar | C2: Ecuador | D2: 67372 | E2: Al Bayt Stadium | G2: Qatar | H2: =SUMIF($B$2:$B$49,G2,$D$2:$D$49) + SUMIF($C$2:$C$49,G2,$D$2:$D$49) -> 175953 | I2: =H2/3 -> 58651 | J2: =I2*0.12 -> 7038.12
A3: 44886 | B3: England | C3: Iran | D3: 45334 | E3: Khalifa International Stadium | G3: Ecuador | H3: =SUMIF($B$2:$B$49,G3,$D$2:$D$49) + SUMIF($C$2:$C$49,G3,$D$2:$D$49) -> 156774 | I3: =H3/3 -> 52258 | J3: =I3*0.12 -> 6270.96
A4: 44886 | B4: Senegal | C4: Netherlands | D4: 41721 | E4: Al Thumama Stadium | G4: Senegal | H4: =SUMIF($B$2:$B$49,G4,$D$2:$D$49) + SUMIF($C$2:$C$49,G4,$D$2:$D$49) -> 128087 | I4: =H4/3 -> 42695.667 | J4: =I4*0.12 -> 5123.48
A5: 44886 | B5: USA | C5: Wales | D5: 43418 | E5: Ahmed bin Ali Stadium | G5: Netherlands | H5: =SUMIF($B$2:$B$49,G5,$D$2:$D$49) + SUMIF($C$2:$C$49,G5,$D$2:$D$49) -> 153338 | I5: =H5/3 -> 51112.667 | J5: =I5*0.12 -> 6133.52
A6: 44887 | B6: Argentina | C6: Saudi Arabia | D6: 88012 | E6: Lusail Iconic Stadium | G6: England | H6: =SUMIF($B$2:$B$49,G6,$D$2:$D$49) + SUMIF($C$2:$C$49,G6,$D$2:$D$49) -> 158094 | I6: =H6/3 -> 52698 | J6: =I6*0.12 -> 6323.76
A7: 44887 | B7: Denmark | C7: Tunisia | D7: 42925 | E7: Education City Stadium | G7: Iran | H7: =SUMIF($B$2:$B$49,G7,$D$2:$D$49) + SUMIF($C$2:$C$49,G7,$D$2:$D$49) -> 128336 | I7: =H7/3 -> 42778.667 | J7: =I7*0.12 -> 5133.44
A8: 44887 | B8: Mexico | C8: Poland | D8: 39369 | E8: Stadium 974 | G8: USA | H8: =SUMIF($B$2:$B$49,G8,$D$2:$D$49) + SUMIF($C$2:$C$49,G8,$D$2:$D$49) -> 154008 | I8: =H8/3 -> 51336 | J8: =I8*0.12 -> 6160.32
A9: 44887 | B9: France | C9: Australia | D9: 40875 | E9: Al Janoub Stadium | G9: Wales | H9: =SUMIF($B$2:$B$49,G9,$D$2:$D$49) + SUMIF($C$2:$C$49,G9,$D$2:$D$49) -> 128590 | I9: =H9/3 -> 42863.333 | J9: =I9*0.12 -> 5143.6
A10: 44888 | B10: Morocco | C10: Croatia | D10: 59407 | E10: Al Bayt Stadium | G10: Argentina | H10: =SUMIF($B$2:$B$49,G10,$D$2:$D$49) + SUMIF($C$2:$C$49,G10,$D$2:$D$49) -> 221067 | I10: =H10/3 -> 73689 | J10: =I10*0.12 -> 8842.68
A11: 44888 | B11: Germany | C11: Japan | D11: 42608 | E11: Khalifa International Stadium | G11: Saudi Arabia | H11: =SUMIF($B$2:$B$49,G11,$D$2:$D$49) + SUMIF($C$2:$C$49,G11,$D$2:$D$49) -> 217256 | I11: =H11/3 -> 72418.667 | J11: =I11*0.12 -> 8690.24
A12: 44888 | B12: Spain | C12: Costa Rica | D12: 40013 | E12: Al Thumama Stadium | G12: Mexico | H12: =SUMIF($B$2:$B$49,G12,$D$2:$D$49) + SUMIF($C$2:$C$49,G12,$D$2:$D$49) -> 213320 | I12: =H12/3 -> 71106.667 | J12: =I12*0.12 -> 8532.8
A13: 44888 | B13: Belgium | C13: Canada | D13: 40432 | E13: Ahmed bin Ali Stadium | G13: Poland | H13: =SUMIF($B$2:$B$49,G13,$D$2:$D$49) + SUMIF($C$2:$C$49,G13,$D$2:$D$49) -> 127717 | I13: =H13/3 -> 42572.333 | J13: =I13*0.12 -> 5108.68
... A33: 44893 | B33: Portugal | C33: Uruguay | D33: 88668 | E33: Lusail Iconic Stadium | G33: Korea Republic | H33: =SUMIF($B$2:$B$49,G33,$D$2:$D$49) + SUMIF($C$2:$C$49,G33,$D$2:$D$49) -> 129743 | I33: =H33/3 -> 43247.667 | J33: =I33*0.12 -> 5189.72
A34: 44894 | B34: Ecuador | C34: Senegal | D34: 44569 | E34: Khalifa International Stadium | F34: Total number of teams that participated in Qatar 2022: | G34: =COUNTA(G2:G33) -> 32
A35: 44894 | B35: Netherlands | C35: Qatar | D35: 66784 | E35: Al Bayt Stadium
A36: 44894 | B36: Iran | C36: USA | D36: 42127 | E36: Al Thumama Stadium
A37: 44894 | B37: Wales | C37: England | D37: 44297 | E37: Ahmed bin Ali Stadium | G37: https://www.kaggle.com/datasets/parasharmanas/qatar-2022-fifa-world-cup-attendance
A38: 44895 | B38: Australia | C38: Denmark | D38: 41232 | E38: Al Janoub Stadium
A39: 44895 | B39: Tunisia | C39: France | D39: 43627 | E39: Education City Stadium
A40: 44895 | B40: Saudi Arabia | C40: Mexico | D40: 84985 | E40: Lusail Iconic Stadium
A41: 44895 | B41: Poland | C41: Argentina | D41: 44089 | E41: Stadium 974
A42: 44896 | B42: Canada | C42: Morocco | D42: 43102 | E42: Al Thumama Stadium
A43: 44896 | B43: Croatia | C43: Belgium | D43: 43984 | E43: Ahmed bin Ali Stadium
A44: 44896 | B44: Costa Rica | C44: Germany | D44: 67054 | E44: Al Bayt Stadium
A45: 44896 | B45: Japan | C45: Spain | D45: 44851 | E45: Khalifa International Stadium
A46: 44897 | B46: Korea Republic | C46: Portugal | D46: 44097 | E46: Education City Stadium
A47: 44897 | B47: Ghana | C47: Uruguay | D47: 43443 | E47: Al Janoub Stadium
A48: 44897 | B48: Cameroon | C48: Brazil | D48: 85986 | E48: Lusail Iconic Stadium
A49: 44897 | B49: Serbia | C49: Switzerland | D49: 41378 | E49: Stadium 974

Sheet 6 remaining slots
C1: Confederation | D1: Ranking | E1: Points
A2: Path A (Europe) | B2: Italy | C2: Europe | D2: 13 | E2: 1702.06
B3: Northern Ireland | C3: Europe | D3: 69 | E3: 1366.02
B4: Wales | C4: Europe | D4: 35 | E4: 1529.71
B5: Bosnia & Herzegovina | C5: Europe | D5: 71 | E5: 1362.37
A7: Path B (Europe) | B7: Ukraine | C7: Europe | D7: 30 | E7: 1557.47
B8: Sweden | C8: Europe | D8: 42 | E8: 1487.13
B9: Poland | C9: Europe | D9: 34 | E9: 1532.04
B10: Albania | C10: Europe | D10: 63 | E10: 1401.07
A12: Path C (Europe) | B12: Türkiye | C12: Europe | D12: 25 | E12: 1582.69
B13: Romania | C13: Europe | D13: 49 | E13: 1465.78
B14: Slovakia | C14: Europe | D14: 44 | E14: 1485.65
B15: Kosovo | C15: Europe | D15: 79 | E15: 1308.84
A17: Path D (Europe) | B17: Denmark | C17: Europe | D17: 21 | E17: 1616.75
B18: North Macedonia | C18: Europe | D18: 66 | E18: 1378.57
B19: Czechia | C19: Europe | D19: 43 | E19: 1487
B20: Republic of Ireland | C20: Europe | D20: 59 | E20: 1436.04
A22: Path E (Inter) | B22: DR Congo (Seeded) | C22: Inter-Continental | D22: 48 | E22: 1468.22
B23: New Caledonia | C23: Inter-Continental | D23: 150 | E23: 1042.62
B24: Jamaica | C24: Inter-Continental | D24: 70 | E24: 1362.46
A26: Path F (Inter) | B26: Iraq (Seeded) | C26: Inter-Continental | D26: 58 | E26: 1436.94
B27: Bolivia | C27: Inter-Continental | D27: 76 | E27: 1329.56
B28: Suriname | C28: Inter-Continental | D28: 123 | E28: 1140.54

Sheet Stadiums
A1: Stadium (FIFA) | B1: Real name | C1: State | D1: Country (Host) | E1: Capacity | F1: Matches Hosted | G1: Group-stage matches | H1: Row-set | I1: Assigned Group(s) | J1: Final/KO | K1: Offered Seats
A2: New York New Jersey Stadium | B2: MetLife Stadium | C2: New Jersey | D2: United States | E2: 78576 | F2: 8 | G2: 5 | H2: TBD | I2: C,I,L | J2: Final + R16 + QF | K2: =(1 - 0.09) * 0.12 * E2 -> 8580.4992
A3: Los Angeles Stadium | B3: SoFi Stadium | C3: California | D3: United States | E3: 69650 | F3: 8 | G3: 5 | H3: TBD | I3: D,G,B | J3: A/B R32 + QF | K3: =(1 - 0.09) * 0.12 * E3 -> 7605.78
A4: Dallas Stadium | B4: AT&T Stadium | C4: Texas | D4: United States | E4: 70122 | F4: 9 | G4: 5 | H4: TBD | I4: F,L,J | J4: KO + Semi-final | K4: =(1 - 0.09) * 0.12 * E4 -> 7657.3224
A5: Houston Stadium | B5: NRG Stadium | C5: Texas | D5: United States | E5: 68311 | F5: 7 | G5: 5 | H5: TBD | I5: E,F,K,H | J5: R32 + R16 | K5: =(1 - 0.09) * 0.12 * E5 -> 7459.5612
A6: Atlanta Stadium | B6: Mercedes-Benz Stadium | C6: Georgia | D6: United States | E6: 67382 | F6: 8 | G6: 5 | H6: TBD | I6: H,A,K | J6: Semi-final + R32 | K6: =(1 - 0.09) * 0.12 * E6 -> 7358.1144
A7: Miami Stadium | B7: Hard Rock Stadium | C7: Florida | D7: United States | E7: 64091 | F7: 7 | G7: 4 | H7: TBD | I7: H,C,K | J7: 3rd Place + QF | K7: =(1 - 0.09) * 0.12 * E7 -> 6998.7372
A8: Philadelphia Stadium | B8: Lincoln Financial Field | C8: Pennsylvania | D8: United States | E8: 65827 | F8: 6 | G8: 5 | H8: TBD | I8: E,C,L | J8: R16 | K8: =(1 - 0.09) * 0.12 * E8 -> 7188.3084
A9: Seattle Stadium | B9: Lumen Field | C9: Washington | D9: United States | E9: 65123 | F9: 6 | G9: 4 | H9: TBD | I9: G,D,B | J9: R16 | K9: =(1 - 0.09) * 0.12 * E9 -> 7111.4316
A10: San Francisco Bay Area Stadium | B10: Levi’s Stadium | C10: California | D10: United States | E10: 69391 | F10: 6 | G10: 5 | H10: TBD | I10: B,D,J | J10: R32 | K10: =(1 - 0.09) * 0.12 * E10 -> 7577.4972
A11: Boston Stadium | B11: Gillette Stadium | C11: Massachusetts | D11: United States | E11: 63815 | F11: 6 | G11: 5 | H11: TBD | I11: C,I,L | J11: R32 + QF | K11: =(1 - 0.09) * 0.12 * E11 -> 6968.598
A12: Kansas City Stadium | B12: Arrowhead Stadium | C12: Missouri | D12: United States | E12: 67513 | F12: 6 | G12: 4 | H12: TBD | I12: J,E,F | J12: KO + QF | K12: =(1 - 0.09) * 0.12 * E12 -> 7372.4196
A13: Guadalajara Stadium | B13: Estadio Akron | C13: Jalisco | D13: Mexico | E13: 44330 | F13: 4 | G13: 4 | H13: TBD | I13: A,K,H | J13: Group Stage | K13: =(1 - 0.09) * 0.12 * E13 -> 4840.836
... A17: Vancouver Stadium | B17: BC Place | C17: British Columbia | D17: Canada | E17: 48821 | F17: 7 | G17: 5 | H17: TBD | I17: D,B,G | J17: R32 + R16 | K17: =(1 - 0.09) * 0.12 * E17 -> 5331.2532
I24: https://www.fifa.com/en/tournaments/mens/worldcup/canadamexicousa2026/articles/match-schedule-fixtures-results-teams-stadiums
I25: https://www.fifa.com/en/tournaments/mens/worldcup/canadamexicousa2026/articles/stadium-information-details?utm_source

Sheet GroupSeats
A1: Group | B1: Avg Offered Seats
A2: A | B2: =AVERAGEIF(Stadiums!$I:$I,"*"&A2&"*",Stadiums!$K:$K) -> 6404.3343
A3: B | B3: =AVERAGEIF(Stadiums!$I:$I,"*"&A3&"*",Stadiums!$K:$K) -> 6493.032
A4: C | B4: =AVERAGEIF(Stadiums!$I:$I,"*"&A4&"*",Stadiums!$K:$K) -> 7434.0357
A5: D | B5: =AVERAGEIF(Stadiums!$I:$I,"*"&A5&"*",Stadiums!$K:$K) -> 6906.4905
A6: E | B6: =AVERAGEIF(Stadiums!$I:$I,"*"&A6&"*",Stadiums!$K:$K) -> 6714.8718
A7: F | B7: =AVERAGEIF(Stadiums!$I:$I,"*"&A7&"*",Stadiums!$K:$K) -> 6990.4107
A8: G | B8: =AVERAGEIF(Stadiums!$I:$I,"*"&A8&"*",Stadiums!$K:$K) -> 6682.8216
A9: H | B9: =AVERAGEIF(Stadiums!$I:$I,"*"&A9&"*",Stadiums!$K:$K) -> 6664.3122
A10: I | B10: =AVERAGEIF(Stadiums!$I:$I,"*"&A10&"*",Stadiums!$K:$K) -> 7774.5486
A11: J | B11: =AVERAGEIF(Stadiums!$I:$I,"*"&A11&"*",Stadiums!$K:$K) -> 7535.7464
A12: K | B12: =AVERAGEIF(Stadiums!$I:$I,"*"&A12&"*",Stadiums!$K:$K) -> 6920.6592
A13: L | B13: =AVERAGEIF(Stadiums!$I:$I,"*"&A13&"*",Stadiums!$K:$K) -> 7046.7852

Sheet Actual Draw
A1: Groups | B1: Pot 1 | C1: Pot 2 | D1: Pot 3 | E1: Pot 4
A2: A | B2: Mexico | C2: Korea Republic | D2: South Africa | E2: UEFA PO D Winner
A3: B | B3: Canada | C3: Switzerland | D3: Qatar | E3: UEFA PO A Winner
A4: C | B4: Brazil | C4: Morocco | D4: Haiti | E4: Scotland
A5: D | B5: United States | C5: Paraguay | D5: Australia | E5: UEFA PO C Winner
A6: E | B6: Germany | C6: Curaçao | D6: Ivory Coast | E6: Ecuador
A7: F | B7: Netherlands | C7: Japan | D7: Tunisia | E7: UEFA PO B Winner
A8: G | B8: Belgium | C8: Egypt | D8: Iran | E8: New Zealand
A9: H | B9: Spain | C9: Uruguay | D9: Saudi Arabia | E9: Cape Verde
A10: I | B10: France | C10: Senegal | D10: Norway | E10: IC PO 2 Winner
A11: J | B11: Argentina | C11: Algeria | D11: Austria | E11: Jordan
A12: K | B12: Portugal | C12: Colombia | D12: Uzbekistan | E12: IC PO 1 Winner
A13: L | B13: England | C13: Croatia | D13: Ghana | E13: Panama

Sheet Official Allocation
A1: Row-Set | B1: Match in Row-Set | C1: Stadium | D1: Capacity
A2: A | B2: 1 | C2: Mexico City Stadium | D2: 72766
A3: A | B3: 2 | C3: Guadalajara Stadium | D3: 44330
A4: A | B4: 3 | C4: Guadalajara Stadium | D4: 44330
A5: A | B5: 4 | C5: Atlanta Stadium | D5: 67382
A6: A | B6: 5 | C6: Mexico City Stadium | D6: 72766
A7: A | B7: 6 | C7: Monterrey Stadium | D7: 50113
A8: B | B8: 1 | C8: Toronto Stadium | D8: 44315
A9: B | B9: 2 | C9: San Francisco Bay Area Stadium | D9: 69391
A10: B | B10: 3 | C10: Vancouver Stadium | D10: 48821
A11: B | B11: 4 | C11: Los Angeles Stadium | D11: 69650
A12: B | B12: 5 | C12: Seattle Stadium | D12: 65123
A13: B | B13: 6 | C13: Vancouver Stadium | D13: 48821
... A73: L | B73: 6 | C73: Philadelphia Stadium | D73: 65827
